"0","### NMDS"
"0",""
"0","dd_bray <- dd_bray[,-c(1,4:6)]"
"0",""
"0","species_data <- dd_bray[, -(1:2)]  # Assuming the first two columns are Day and Treatment"
"0","bray_curtis_dist <- vegdist(species_data, method = ""bray"")"
"0",""
"0","# Function to calculate NMDS and prepare data for plotting"
"0","prepare_nmds_data <- function(day_data) {"
"0","  species_data <- day_data[, -(1:2)]  # Assuming the first two columns are Day and Treatment"
"0","  bray_curtis_dist <- vegdist(species_data, method = ""bray"")"
"0","  nmds_result <- metaMDS(bray_curtis_dist, k = 2, trymax = 100)"
"0","  ordination_df <- as.data.frame(nmds_result$points)"
"0","  ordination_df$Treatment <- day_data$Treatment"
"0","  return(ordination_df)"
"0","}"
"0",""
"0","# List to store ordination data frames for each day"
"0","ordination_list <- lapply(unique(dd_bray$Day), function(day) {"
"0","  day_data <- dd_bray %>% filter(Day == day)"
"0","  ordination_df <- prepare_nmds_data(day_data)"
"0","  ordination_df$Day <- day"
"0","  return(ordination_df)"
"0","})"
"1","Run 0 stress"
"1"," "
"1","0.08268233"
"1"," "
"1","
"
"1","Run"
"1"," "
"1","1"
"1"," "
"1","stress"
"1"," "
"1","0.08268256"
"1"," "
"1","
"
"1","... Procrustes: rmse"
"1"," "
"1","0.0009390138"
"1"," "
"1"," max resid"
"1"," "
"1","0.001866453"
"1"," "
"1","
"
"1","... Similar to previous best
"
"1","Run"
"1"," "
"1","2"
"1"," "
"1","stress"
"1"," "
"1","0.0826826"
"1"," "
"1","
"
"1","... Procrustes: rmse"
"1"," "
"1","0.0009988379"
"1"," "
"1"," max resid"
"1"," "
"1","0.001991512"
"1"," "
"1","
"
"1","... Similar to previous best
"
"1","Run"
"1"," "
"1","3"
"1"," "
"1","stress"
"1"," "
"1","0.07827898"
"1"," "
"1","
"
"1","... New best solution
"
"1","... Procrustes: rmse"
"1"," "
"1","0.1885221"
"1"," "
"1"," max resid"
"1"," "
"1","0.4523649"
"1"," "
"1","
"
"1","Run"
"1"," "
"1","4"
"1"," "
"1","stress"
"1"," "
"1","0.08268248"
"1"," "
"1","
"
"1","Run"
"1"," "
"1","5"
"1"," "
"1","stress"
"1"," "
"1","0.08268232"
"1"," "
"1","
"
"1","Run"
"1"," "
"1","6"
"1"," "
"1","stress"
"1"," "
"1","0.07827917"
"1"," "
"1","
"
"1","... Procrustes: rmse"
"1"," "
"1","0.0006183229"
"1"," "
"1"," max resid"
"1"," "
"1","0.001036235"
"1"," "
"1","
"
"1","... Similar to previous best
"
"1","Run"
"1"," "
"1","7"
"1"," "
"1","stress"
"1"," "
"1","0.08268245"
"1"," "
"1","
"
"1","Run"
"1"," "
"1","8"
"1"," "
"1","stress"
"1"," "
"1","0.285216"
"1"," "
"1","
"
"1","Run"
"1"," "
"1","9"
"1"," "
"1","stress"
"1"," "
"1","0.2034854"
"1"," "
"1","
"
"1","Run"
"1"," "
"1","10"
"1"," "
"1","stress"
"1"," "
"1","0.07827905"
"1"," "
"1","
"
"1","... Procrustes: rmse"
"1"," "
"1","0.0001079665"
"1"," "
"1"," max resid"
"1"," "
"1","0.0001785876"
"1"," "
"1","
"
"1","... Similar to previous best
"
"1","Run"
"1"," "
"1","11"
"1"," "
"1","stress"
"1"," "
"1","0.08268253"
"1"," "
"1","
"
"1","Run"
"1"," "
"1","12"
"1"," "
"1","stress"
"1"," "
"1","0.08268243"
"1"," "
"1","
"
"1","Run"
"1"," "
"1","13"
"1"," "
"1","stress"
"1"," "
"1","0.08268246"
"1"," "
"1","
"
"1","Run"
"1"," "
"1","14"
"1"," "
"1","stress"
"1"," "
"1","0.1074094"
"1"," "
"1","
"
"1","Run"
"1"," "
"1","15"
"1"," "
"1","stress"
"1"," "
"1","0.2852145"
"1"," "
"1","
"
"1","Run"
"1"," "
"1","16"
"1"," "
"1","stress"
"1"," "
"1","0.2034854"
"1"," "
"1","
"
"1","Run"
"1"," "
"1","17"
"1"," "
"1","stress"
"1"," "
"1","0.07827909"
"1"," "
"1","
"
"1","... Procrustes: rmse"
"1"," "
"1","0.0001672626"
"1"," "
"1"," max resid"
"1"," "
"1","0.0002772436"
"1"," "
"1","
"
"1","... Similar to previous best
"
"1","Run"
"1"," "
"1","18"
"1"," "
"1","stress"
"1"," "
"1","0.08268227"
"1"," "
"1","
"
"1","Run"
"1"," "
"1","19"
"1"," "
"1","stress"
"1"," "
"1","0.1068725"
"1"," "
"1","
"
"1","Run"
"1"," "
"1","20"
"1"," "
"1","stress"
"1"," "
"1","0.07827895"
"1"," "
"1","
"
"1","... New best solution
"
"1","... Procrustes: rmse"
"1"," "
"1","0.0002268988"
"1"," "
"1"," max resid"
"1"," "
"1","0.0003801804"
"1"," "
"1","
"
"1","... Similar to previous best
"
"1","*** Best solution repeated"
"1"," "
"1","1"
"1"," "
"1","times
"
"1","Run 0 stress"
"1"," "
"1","0.07194304"
"1"," "
"1","
"
"1","Run"
"1"," "
"1","1"
"1"," "
"1","stress"
"1"," "
"1","0.0719431"
"1"," "
"1","
"
"1","... Procrustes: rmse"
"1"," "
"1","0.0001953171"
"1"," "
"1"," max resid"
"1"," "
"1","0.0003765014"
"1"," "
"1","
"
"1","... Similar to previous best
"
"1","Run"
"1"," "
"1","2"
"1"," "
"1","stress"
"1"," "
"1","0.07194304"
"1"," "
"1","
"
"1","... Procrustes: rmse"
"1"," "
"1","1.057855e-05"
"1"," "
"1"," max resid"
"1"," "
"1","1.966541e-05"
"1"," "
"1","
"
"1","... Similar to previous best
"
"1","Run"
"1"," "
"1","3"
"1"," "
"1","stress"
"1"," "
"1","0.07194304"
"1"," "
"1","
"
"1","... Procrustes: rmse"
"1"," "
"1","1.504076e-06"
"1"," "
"1"," max resid"
"1"," "
"1","2.61575e-06"
"1"," "
"1","
"
"1","... Similar to previous best
"
"1","Run"
"1"," "
"1","4"
"1"," "
"1","stress"
"1"," "
"1","0.07194306"
"1"," "
"1","
"
"1","... Procrustes: rmse"
"1"," "
"1","7.18194e-05"
"1"," "
"1"," max resid"
"1"," "
"1","0.0001319912"
"1"," "
"1","
"
"1","... Similar to previous best
"
"1","Run"
"1"," "
"1","5"
"1"," "
"1","stress"
"1"," "
"1","0.07194303"
"1"," "
"1","
"
"1","... New best solution
"
"1","... Procrustes: rmse"
"1"," "
"1","2.274671e-05"
"1"," "
"1"," max resid"
"1"," "
"1","4.158763e-05"
"1"," "
"1","
"
"1","... Similar to previous best
"
"1","Run"
"1"," "
"1","6"
"1"," "
"1","stress"
"1"," "
"1","0.3083098"
"1"," "
"1","
"
"1","Run"
"1"," "
"1","7"
"1"," "
"1","stress"
"1"," "
"1","0.1110993"
"1"," "
"1","
"
"1","Run"
"1"," "
"1","8"
"1"," "
"1","stress"
"1"," "
"1","0.09508979"
"1"," "
"1","
"
"1","Run"
"1"," "
"1","9"
"1"," "
"1","stress"
"1"," "
"1","0.0920787"
"1"," "
"1","
"
"1","Run"
"1"," "
"1","10"
"1"," "
"1","stress"
"1"," "
"1","0.2212609"
"1"," "
"1","
"
"1","Run"
"1"," "
"1","11"
"1"," "
"1","stress"
"1"," "
"1","0.2854378"
"1"," "
"1","
"
"1","Run"
"1"," "
"1","12"
"1"," "
"1","stress"
"1"," "
"1","0.08571881"
"1"," "
"1","
"
"1","Run"
"1"," "
"1","13"
"1"," "
"1","stress"
"1"," "
"1","0.07194303"
"1"," "
"1","
"
"1","... Procrustes: rmse"
"1"," "
"1","6.414203e-06"
"1"," "
"1"," max resid"
"1"," "
"1","9.889847e-06"
"1"," "
"1","
"
"1","... Similar to previous best
"
"1","Run"
"1"," "
"1","14"
"1"," "
"1","stress"
"1"," "
"1","0.08571881"
"1"," "
"1","
"
"1","Run"
"1"," "
"1","15"
"1"," "
"1","stress"
"1"," "
"1","0.07194306"
"1"," "
"1","
"
"1","... Procrustes: rmse"
"1"," "
"1","7.913248e-05"
"1"," "
"1"," max resid"
"1"," "
"1","0.0001378487"
"1"," "
"1","
"
"1","... Similar to previous best
"
"1","Run"
"1"," "
"1","16"
"1"," "
"1","stress"
"1"," "
"1","0.07194304"
"1"," "
"1","
"
"1","... Procrustes: rmse"
"1"," "
"1","2.002357e-05"
"1"," "
"1"," max resid"
"1"," "
"1","3.567204e-05"
"1"," "
"1","
"
"1","... Similar to previous best
"
"1","Run"
"1"," "
"1","17"
"1"," "
"1","stress"
"1"," "
"1","0.09207868"
"1"," "
"1","
"
"1","Run"
"1"," "
"1","18"
"1"," "
"1","stress"
"1"," "
"1","0.1656492"
"1"," "
"1","
"
"1","Run"
"1"," "
"1","19"
"1"," "
"1","stress"
"1"," "
"1","0.0950897"
"1"," "
"1","
"
"1","Run"
"1"," "
"1","20"
"1"," "
"1","stress"
"1"," "
"1","0.07194303"
"1"," "
"1","
"
"1","... Procrustes: rmse"
"1"," "
"1","7.378951e-06"
"1"," "
"1"," max resid"
"1"," "
"1","1.206869e-05"
"1"," "
"1","
"
"1","... Similar to previous best
"
"1","*** Best solution repeated"
"1"," "
"1","5"
"1"," "
"1","times
"
"1","Run 0 stress"
"1"," "
"1","0.0005317347"
"1"," "
"1","
"
"1","Run"
"1"," "
"1","1"
"1"," "
"1","stress"
"1"," "
"1","9.306703e-05"
"1"," "
"1","
"
"1","... New best solution
"
"1","... Procrustes: rmse"
"1"," "
"1","0.002676314"
"1"," "
"1"," max resid"
"1"," "
"1","0.004308419"
"1"," "
"1","
"
"1","... Similar to previous best
"
"1","Run"
"1"," "
"1","2"
"1"," "
"1","stress"
"1"," "
"1","0.001516368"
"1"," "
"1","
"
"1","Run"
"1"," "
"1","3"
"1"," "
"1","stress"
"1"," "
"1","0.0009223883"
"1"," "
"1","
"
"1","Run"
"1"," "
"1","4"
"1"," "
"1","stress"
"1"," "
"1","8.534703e-05"
"1"," "
"1","
"
"1","... New best solution
"
"1","... Procrustes: rmse"
"1"," "
"1","0.0001810437"
"1"," "
"1"," max resid"
"1"," "
"1","0.0003535882"
"1"," "
"1","
"
"1","... Similar to previous best
"
"1","Run"
"1"," "
"1","5"
"1"," "
"1","stress"
"1"," "
"1","0.0009454357"
"1"," "
"1","
"
"1","Run"
"1"," "
"1","6"
"1"," "
"1","stress"
"1"," "
"1","0.0007182692"
"1"," "
"1","
"
"1","Run"
"1"," "
"1","7"
"1"," "
"1","stress"
"1"," "
"1","9.23596e-05"
"1"," "
"1","
"
"1","... Procrustes: rmse"
"1"," "
"1","0.0001736563"
"1"," "
"1"," max resid"
"1"," "
"1","0.0002816484"
"1"," "
"1","
"
"1","... Similar to previous best
"
"1","Run"
"1"," "
"1","8"
"1"," "
"1","stress"
"1"," "
"1","9.546509e-05"
"1"," "
"1","
"
"1","... Procrustes: rmse"
"1"," "
"1","0.0001606243"
"1"," "
"1"," max resid"
"1"," "
"1","0.0003476797"
"1"," "
"1","
"
"1","... Similar to previous best
"
"1","Run"
"1"," "
"1","9"
"1"," "
"1","stress"
"1"," "
"1","9.644216e-05"
"1"," "
"1","
"
"1","... Procrustes: rmse"
"1"," "
"1","0.0002310336"
"1"," "
"1"," max resid"
"1"," "
"1","0.0004942648"
"1"," "
"1","
"
"1","... Similar to previous best
"
"1","Run"
"1"," "
"1","10"
"1"," "
"1","stress"
"1"," "
"1","9.085915e-05"
"1"," "
"1","
"
"1","... Procrustes: rmse"
"1"," "
"1","0.0002049973"
"1"," "
"1"," max resid"
"1"," "
"1","0.000458469"
"1"," "
"1","
"
"1","... Similar to previous best
"
"1","Run"
"1"," "
"1","11"
"1"," "
"1","stress"
"1"," "
"1","9.655333e-05"
"1"," "
"1","
"
"1","... Procrustes: rmse"
"1"," "
"1","0.0003059867"
"1"," "
"1"," max resid"
"1"," "
"1","0.0005962024"
"1"," "
"1","
"
"1","... Similar to previous best
"
"1","Run"
"1"," "
"1","12"
"1"," "
"1","stress"
"1"," "
"1","9.867449e-05"
"1"," "
"1","
"
"1","... Procrustes: rmse"
"1"," "
"1","0.0002341184"
"1"," "
"1"," max resid"
"1"," "
"1","0.0005037354"
"1"," "
"1","
"
"1","... Similar to previous best
"
"1","Run"
"1"," "
"1","13"
"1"," "
"1","stress"
"1"," "
"1","0.0005431472"
"1"," "
"1","
"
"1","... Procrustes: rmse"
"1"," "
"1","0.002778434"
"1"," "
"1"," max resid"
"1"," "
"1","0.004320131"
"1"," "
"1","
"
"1","... Similar to previous best
"
"1","Run"
"1"," "
"1","14"
"1"," "
"1","stress"
"1"," "
"1","0.0001585771"
"1"," "
"1","
"
"1","... Procrustes: rmse"
"1"," "
"1","0.0007973858"
"1"," "
"1"," max resid"
"1"," "
"1","0.001261011"
"1"," "
"1","
"
"1","... Similar to previous best
"
"1","Run"
"1"," "
"1","15"
"1"," "
"1","stress"
"1"," "
"1","9.86043e-05"
"1"," "
"1","
"
"1","... Procrustes: rmse"
"1"," "
"1","0.0002379922"
"1"," "
"1"," max resid"
"1"," "
"1","0.0005145506"
"1"," "
"1","
"
"1","... Similar to previous best
"
"1","Run"
"1"," "
"1","16"
"1"," "
"1","stress"
"1"," "
"1","9.80065e-05"
"1"," "
"1","
"
"1","... Procrustes: rmse"
"1"," "
"1","0.0003117963"
"1"," "
"1"," max resid"
"1"," "
"1","0.0006039385"
"1"," "
"1","
"
"1","... Similar to previous best
"
"1","Run"
"1"," "
"1","17"
"1"," "
"1","stress"
"1"," "
"1","9.733185e-05"
"1"," "
"1","
"
"1","... Procrustes: rmse"
"1"," "
"1","0.0002928415"
"1"," "
"1"," max resid"
"1"," "
"1","0.0005700456"
"1"," "
"1","
"
"1","... Similar to previous best
"
"1","Run"
"1"," "
"1","18"
"1"," "
"1","stress"
"1"," "
"1","9.902169e-05"
"1"," "
"1","
"
"1","... Procrustes: rmse"
"1"," "
"1","0.0001515388"
"1"," "
"1"," max resid"
"1"," "
"1","0.0003399261"
"1"," "
"1","
"
"1","... Similar to previous best
"
"1","Run"
"1"," "
"1","19"
"1"," "
"1","stress"
"1"," "
"1","9.392246e-05"
"1"," "
"1","
"
"1","... Procrustes: rmse"
"1"," "
"1","0.0001785435"
"1"," "
"1"," max resid"
"1"," "
"1","0.0003505438"
"1"," "
"1","
"
"1","... Similar to previous best
"
"1","Run"
"1"," "
"1","20"
"1"," "
"1","stress"
"1"," "
"1","9.961924e-05"
"1"," "
"1","
"
"1","... Procrustes: rmse"
"1"," "
"1","0.0003064531"
"1"," "
"1"," max resid"
"1"," "
"1","0.0006065077"
"1"," "
"1","
"
"1","... Similar to previous best
"
"1","*** Best solution repeated"
"1"," "
"1","15"
"1"," "
"1","times
"
"2","Warning in metaMDS(bray_curtis_dist, k = 2, trymax = 100) :"
"2","
 "
"2"," stress is (nearly) zero: you may have insufficient data
"
"1","Run 0 stress"
"1"," "
"1","0.07279025"
"1"," "
"1","
"
"1","Run"
"1"," "
"1","1"
"1"," "
"1","stress"
"1"," "
"1","0.07279025"
"1"," "
"1","
"
"1","... Procrustes: rmse"
"1"," "
"1","1.107037e-05"
"1"," "
"1"," max resid"
"1"," "
"1","1.755126e-05"
"1"," "
"1","
"
"1","... Similar to previous best
"
"1","Run"
"1"," "
"1","2"
"1"," "
"1","stress"
"1"," "
"1","0.08750147"
"1"," "
"1","
"
"1","Run"
"1"," "
"1","3"
"1"," "
"1","stress"
"1"," "
"1","0.07279025"
"1"," "
"1","
"
"1","... Procrustes: rmse"
"1"," "
"1","2.344795e-05"
"1"," "
"1"," max resid"
"1"," "
"1","3.84245e-05"
"1"," "
"1","
"
"1","... Similar to previous best
"
"1","Run"
"1"," "
"1","4"
"1"," "
"1","stress"
"1"," "
"1","0.1644444"
"1"," "
"1","
"
"1","Run"
"1"," "
"1","5"
"1"," "
"1","stress"
"1"," "
"1","0.1152351"
"1"," "
"1","
"
"1","Run"
"1"," "
"1","6"
"1"," "
"1","stress"
"1"," "
"1","0.1152351"
"1"," "
"1","
"
"1","Run"
"1"," "
"1","7"
"1"," "
"1","stress"
"1"," "
"1","0.07279025"
"1"," "
"1","
"
"1","... Procrustes: rmse"
"1"," "
"1","9.326294e-06"
"1"," "
"1"," max resid"
"1"," "
"1","1.508559e-05"
"1"," "
"1","
"
"1","... Similar to previous best
"
"1","Run"
"1"," "
"1","8"
"1"," "
"1","stress"
"1"," "
"1","0.07279025"
"1"," "
"1","
"
"1","... Procrustes: rmse"
"1"," "
"1","4.911137e-06"
"1"," "
"1"," max resid"
"1"," "
"1","8.023158e-06"
"1"," "
"1","
"
"1","... Similar to previous best
"
"1","Run"
"1"," "
"1","9"
"1"," "
"1","stress"
"1"," "
"1","0.07279025"
"1"," "
"1","
"
"1","... Procrustes: rmse"
"1"," "
"1","6.175502e-06"
"1"," "
"1"," max resid"
"1"," "
"1","9.303759e-06"
"1"," "
"1","
"
"1","... Similar to previous best
"
"1","Run"
"1"," "
"1","10"
"1"," "
"1","stress"
"1"," "
"1","0.08750141"
"1"," "
"1","
"
"1","Run"
"1"," "
"1","11"
"1"," "
"1","stress"
"1"," "
"1","0.1794165"
"1"," "
"1","
"
"1","Run"
"1"," "
"1","12"
"1"," "
"1","stress"
"1"," "
"1","0.07279025"
"1"," "
"1","
"
"1","... Procrustes: rmse"
"1"," "
"1","2.893686e-05"
"1"," "
"1"," max resid"
"1"," "
"1","4.648057e-05"
"1"," "
"1","
"
"1","... Similar to previous best
"
"1","Run"
"1"," "
"1","13"
"1"," "
"1","stress"
"1"," "
"1","0.08750146"
"1"," "
"1","
"
"1","Run"
"1"," "
"1","14"
"1"," "
"1","stress"
"1"," "
"1","0.07279025"
"1"," "
"1","
"
"1","... Procrustes: rmse"
"1"," "
"1","6.716578e-06"
"1"," "
"1"," max resid"
"1"," "
"1","1.101517e-05"
"1"," "
"1","
"
"1","... Similar to previous best
"
"1","Run"
"1"," "
"1","15"
"1"," "
"1","stress"
"1"," "
"1","0.08750143"
"1"," "
"1","
"
"1","Run"
"1"," "
"1","16"
"1"," "
"1","stress"
"1"," "
"1","0.1644444"
"1"," "
"1","
"
"1","Run"
"1"," "
"1","17"
"1"," "
"1","stress"
"1"," "
"1","0.1152351"
"1"," "
"1","
"
"1","Run"
"1"," "
"1","18"
"1"," "
"1","stress"
"1"," "
"1","0.08750143"
"1"," "
"1","
"
"1","Run"
"1"," "
"1","19"
"1"," "
"1","stress"
"1"," "
"1","0.08750142"
"1"," "
"1","
"
"1","Run"
"1"," "
"1","20"
"1"," "
"1","stress"
"1"," "
"1","0.1644444"
"1"," "
"1","
"
"1","*** Best solution repeated"
"1"," "
"1","7"
"1"," "
"1","times
"
"1","Run 0 stress"
"1"," "
"1","0.01104083"
"1"," "
"1","
"
"1","Run"
"1"," "
"1","1"
"1"," "
"1","stress"
"1"," "
"1","0.08131719"
"1"," "
"1","
"
"1","Run"
"1"," "
"1","2"
"1"," "
"1","stress"
"1"," "
"1","0.01104083"
"1"," "
"1","
"
"1","... New best solution
"
"1","... Procrustes: rmse"
"1"," "
"1","1.933648e-05"
"1"," "
"1"," max resid"
"1"," "
"1","3.682526e-05"
"1"," "
"1","
"
"1","... Similar to previous best
"
"1","Run"
"1"," "
"1","3"
"1"," "
"1","stress"
"1"," "
"1","0.1849199"
"1"," "
"1","
"
"1","Run"
"1"," "
"1","4"
"1"," "
"1","stress"
"1"," "
"1","0.01104083"
"1"," "
"1","
"
"1","... Procrustes: rmse"
"1"," "
"1","1.879711e-06"
"1"," "
"1"," max resid"
"1"," "
"1","3.913195e-06"
"1"," "
"1","
"
"1","... Similar to previous best
"
"1","Run"
"1"," "
"1","5"
"1"," "
"1","stress"
"1"," "
"1","0.1064114"
"1"," "
"1","
"
"1","Run"
"1"," "
"1","6"
"1"," "
"1","stress"
"1"," "
"1","0.01104087"
"1"," "
"1","
"
"1","... Procrustes: rmse"
"1"," "
"1","7.486833e-05"
"1"," "
"1"," max resid"
"1"," "
"1","0.00013958"
"1"," "
"1","
"
"1","... Similar to previous best
"
"1","Run"
"1"," "
"1","7"
"1"," "
"1","stress"
"1"," "
"1","0.2967179"
"1"," "
"1","
"
"1","Run"
"1"," "
"1","8"
"1"," "
"1","stress"
"1"," "
"1","0.01104089"
"1"," "
"1","
"
"1","... Procrustes: rmse"
"1"," "
"1","7.81678e-05"
"1"," "
"1"," max resid"
"1"," "
"1","0.0001406631"
"1"," "
"1","
"
"1","... Similar to previous best
"
"1","Run"
"1"," "
"1","9"
"1"," "
"1","stress"
"1"," "
"1","0.01104086"
"1"," "
"1","
"
"1","... Procrustes: rmse"
"1"," "
"1","8.328925e-05"
"1"," "
"1"," max resid"
"1"," "
"1","0.0001556993"
"1"," "
"1","
"
"1","... Similar to previous best
"
"1","Run"
"1"," "
"1","10"
"1"," "
"1","stress"
"1"," "
"1","0.01104086"
"1"," "
"1","
"
"1","... Procrustes: rmse"
"1"," "
"1","6.692074e-05"
"1"," "
"1"," max resid"
"1"," "
"1","0.0001286272"
"1"," "
"1","
"
"1","... Similar to previous best
"
"1","Run"
"1"," "
"1","11"
"1"," "
"1","stress"
"1"," "
"1","0.2708745"
"1"," "
"1","
"
"1","Run"
"1"," "
"1","12"
"1"," "
"1","stress"
"1"," "
"1","0.1826822"
"1"," "
"1","
"
"1","Run"
"1"," "
"1","13"
"1"," "
"1","stress"
"1"," "
"1","0.01104086"
"1"," "
"1","
"
"1","... Procrustes: rmse"
"1"," "
"1","7.342398e-05"
"1"," "
"1"," max resid"
"1"," "
"1","0.0001395332"
"1"," "
"1","
"
"1","... Similar to previous best
"
"1","Run"
"1"," "
"1","14"
"1"," "
"1","stress"
"1"," "
"1","0.1069103"
"1"," "
"1","
"
"1","Run"
"1"," "
"1","15"
"1"," "
"1","stress"
"1"," "
"1","0.08131719"
"1"," "
"1","
"
"1","Run"
"1"," "
"1","16"
"1"," "
"1","stress"
"1"," "
"1","0.2561937"
"1"," "
"1","
"
"1","Run"
"1"," "
"1","17"
"1"," "
"1","stress"
"1"," "
"1","0.01104087"
"1"," "
"1","
"
"1","... Procrustes: rmse"
"1"," "
"1","8.748637e-05"
"1"," "
"1"," max resid"
"1"," "
"1","0.0001647971"
"1"," "
"1","
"
"1","... Similar to previous best
"
"1","Run"
"1"," "
"1","18"
"1"," "
"1","stress"
"1"," "
"1","0.273835"
"1"," "
"1","
"
"1","Run"
"1"," "
"1","19"
"1"," "
"1","stress"
"1"," "
"1","0.01104088"
"1"," "
"1","
"
"1","... Procrustes: rmse"
"1"," "
"1","8.370764e-05"
"1"," "
"1"," max resid"
"1"," "
"1","0.0001541903"
"1"," "
"1","
"
"1","... Similar to previous best
"
"1","Run"
"1"," "
"1","20"
"1"," "
"1","stress"
"1"," "
"1","0.1064114"
"1"," "
"1","
"
"1","*** Best solution repeated"
"1"," "
"1","9"
"1"," "
"1","times
"
"1","Run 0 stress"
"1"," "
"1","0.07605745"
"1"," "
"1","
"
"1","Run"
"1"," "
"1","1"
"1"," "
"1","stress"
"1"," "
"1","0.07605745"
"1"," "
"1","
"
"1","... Procrustes: rmse"
"1"," "
"1","0.000214094"
"1"," "
"1"," max resid"
"1"," "
"1","0.0003090919"
"1"," "
"1","
"
"1","... Similar to previous best
"
"1","Run"
"1"," "
"1","2"
"1"," "
"1","stress"
"1"," "
"1","0.1788235"
"1"," "
"1","
"
"1","Run"
"1"," "
"1","3"
"1"," "
"1","stress"
"1"," "
"1","0.07605749"
"1"," "
"1","
"
"1","... Procrustes: rmse"
"1"," "
"1","7.332016e-05"
"1"," "
"1"," max resid"
"1"," "
"1","0.0001045076"
"1"," "
"1","
"
"1","... Similar to previous best
"
"1","Run"
"1"," "
"1","4"
"1"," "
"1","stress"
"1"," "
"1","0.07605743"
"1"," "
"1","
"
"1","... New best solution
"
"1","... Procrustes: rmse"
"1"," "
"1","0.0001511605"
"1"," "
"1"," max resid"
"1"," "
"1","0.000218227"
"1"," "
"1","
"
"1","... Similar to previous best
"
"1","Run"
"1"," "
"1","5"
"1"," "
"1","stress"
"1"," "
"1","0.1989144"
"1"," "
"1","
"
"1","Run"
"1"," "
"1","6"
"1"," "
"1","stress"
"1"," "
"1","0.05435895"
"1"," "
"1","
"
"1","... New best solution
"
"1","... Procrustes: rmse"
"1"," "
"1","0.1464296"
"1"," "
"1"," max resid"
"1"," "
"1","0.2957303"
"1"," "
"1","
"
"1","Run"
"1"," "
"1","7"
"1"," "
"1","stress"
"1"," "
"1","0.07605745"
"1"," "
"1","
"
"1","Run"
"1"," "
"1","8"
"1"," "
"1","stress"
"1"," "
"1","0.09113308"
"1"," "
"1","
"
"1","Run"
"1"," "
"1","9"
"1"," "
"1","stress"
"1"," "
"1","0.07605745"
"1"," "
"1","
"
"1","Run"
"1"," "
"1","10"
"1"," "
"1","stress"
"1"," "
"1","0.1720515"
"1"," "
"1","
"
"1","Run"
"1"," "
"1","11"
"1"," "
"1","stress"
"1"," "
"1","0.07605743"
"1"," "
"1","
"
"1","Run"
"1"," "
"1","12"
"1"," "
"1","stress"
"1"," "
"1","0.09113308"
"1"," "
"1","
"
"1","Run"
"1"," "
"1","13"
"1"," "
"1","stress"
"1"," "
"1","0.07605745"
"1"," "
"1","
"
"1","Run"
"1"," "
"1","14"
"1"," "
"1","stress"
"1"," "
"1","0.07605744"
"1"," "
"1","
"
"1","Run"
"1"," "
"1","15"
"1"," "
"1","stress"
"1"," "
"1","0.05435895"
"1"," "
"1","
"
"1","... Procrustes: rmse"
"1"," "
"1","8.272889e-06"
"1"," "
"1"," max resid"
"1"," "
"1","1.387925e-05"
"1"," "
"1","
"
"1","... Similar to previous best
"
"1","Run"
"1"," "
"1","16"
"1"," "
"1","stress"
"1"," "
"1","0.07605751"
"1"," "
"1","
"
"1","Run"
"1"," "
"1","17"
"1"," "
"1","stress"
"1"," "
"1","0.07605747"
"1"," "
"1","
"
"1","Run"
"1"," "
"1","18"
"1"," "
"1","stress"
"1"," "
"1","0.07605749"
"1"," "
"1","
"
"1","Run"
"1"," "
"1","19"
"1"," "
"1","stress"
"1"," "
"1","0.07605755"
"1"," "
"1","
"
"1","Run"
"1"," "
"1","20"
"1"," "
"1","stress"
"1"," "
"1","0.05435895"
"1"," "
"1","
"
"1","... New best solution
"
"1","... Procrustes: rmse"
"1"," "
"1","9.45368e-06"
"1"," "
"1"," max resid"
"1"," "
"1","1.599921e-05"
"1"," "
"1","
"
"1","... Similar to previous best
"
"1","*** Best solution repeated"
"1"," "
"1","1"
"1"," "
"1","times
"
"1","Run 0 stress"
"1"," "
"1","0.03713316"
"1"," "
"1","
"
"1","Run"
"1"," "
"1","1"
"1"," "
"1","stress"
"1"," "
"1","0.1098221"
"1"," "
"1","
"
"1","Run"
"1"," "
"1","2"
"1"," "
"1","stress"
"1"," "
"1","0.03713315"
"1"," "
"1","
"
"1","... New best solution
"
"1","... Procrustes: rmse"
"1"," "
"1","5.20821e-05"
"1"," "
"1"," max resid"
"1"," "
"1","7.130154e-05"
"1"," "
"1","
"
"1","... Similar to previous best
"
"1","Run"
"1"," "
"1","3"
"1"," "
"1","stress"
"1"," "
"1","0.0371332"
"1"," "
"1","
"
"1","... Procrustes: rmse"
"1"," "
"1","9.927007e-05"
"1"," "
"1"," max resid"
"1"," "
"1","0.000160573"
"1"," "
"1","
"
"1","... Similar to previous best
"
"1","Run"
"1"," "
"1","4"
"1"," "
"1","stress"
"1"," "
"1","0.2104191"
"1"," "
"1","
"
"1","Run"
"1"," "
"1","5"
"1"," "
"1","stress"
"1"," "
"1","0.2776552"
"1"," "
"1","
"
"1","Run"
"1"," "
"1","6"
"1"," "
"1","stress"
"1"," "
"1","0.03713317"
"1"," "
"1","
"
"1","... Procrustes: rmse"
"1"," "
"1","6.25783e-05"
"1"," "
"1"," max resid"
"1"," "
"1","0.0001212591"
"1"," "
"1","
"
"1","... Similar to previous best
"
"1","Run"
"1"," "
"1","7"
"1"," "
"1","stress"
"1"," "
"1","0.1087125"
"1"," "
"1","
"
"1","Run"
"1"," "
"1","8"
"1"," "
"1","stress"
"1"," "
"1","0.2621878"
"1"," "
"1","
"
"1","Run"
"1"," "
"1","9"
"1"," "
"1","stress"
"1"," "
"1","0.06559663"
"1"," "
"1","
"
"1","Run"
"1"," "
"1","10"
"1"," "
"1","stress"
"1"," "
"1","0.03713316"
"1"," "
"1","
"
"1","... Procrustes: rmse"
"1"," "
"1","4.015024e-05"
"1"," "
"1"," max resid"
"1"," "
"1","6.806487e-05"
"1"," "
"1","
"
"1","... Similar to previous best
"
"1","Run"
"1"," "
"1","11"
"1"," "
"1","stress"
"1"," "
"1","0.03713317"
"1"," "
"1","
"
"1","... Procrustes: rmse"
"1"," "
"1","5.832871e-05"
"1"," "
"1"," max resid"
"1"," "
"1","0.0001011509"
"1"," "
"1","
"
"1","... Similar to previous best
"
"1","Run"
"1"," "
"1","12"
"1"," "
"1","stress"
"1"," "
"1","0.06559663"
"1"," "
"1","
"
"1","Run"
"1"," "
"1","13"
"1"," "
"1","stress"
"1"," "
"1","0.03713315"
"1"," "
"1","
"
"1","... New best solution
"
"1","... Procrustes: rmse"
"1"," "
"1","1.673237e-05"
"1"," "
"1"," max resid"
"1"," "
"1","3.032067e-05"
"1"," "
"1","
"
"1","... Similar to previous best
"
"1","Run"
"1"," "
"1","14"
"1"," "
"1","stress"
"1"," "
"1","0.1098221"
"1"," "
"1","
"
"1","Run"
"1"," "
"1","15"
"1"," "
"1","stress"
"1"," "
"1","0.03713315"
"1"," "
"1","
"
"1","... Procrustes: rmse"
"1"," "
"1","5.648771e-06"
"1"," "
"1"," max resid"
"1"," "
"1","8.771955e-06"
"1"," "
"1","
"
"1","... Similar to previous best
"
"1","Run"
"1"," "
"1","16"
"1"," "
"1","stress"
"1"," "
"1","0.06559663"
"1"," "
"1","
"
"1","Run"
"1"," "
"1","17"
"1"," "
"1","stress"
"1"," "
"1","0.1087124"
"1"," "
"1","
"
"1","Run"
"1"," "
"1","18"
"1"," "
"1","stress"
"1"," "
"1","0.06559663"
"1"," "
"1","
"
"1","Run"
"1"," "
"1","19"
"1"," "
"1","stress"
"1"," "
"1","0.03713316"
"1"," "
"1","
"
"1","... Procrustes: rmse"
"1"," "
"1","5.914329e-05"
"1"," "
"1"," max resid"
"1"," "
"1","0.0001008204"
"1"," "
"1","
"
"1","... Similar to previous best
"
"1","Run"
"1"," "
"1","20"
"1"," "
"1","stress"
"1"," "
"1","0.2104191"
"1"," "
"1","
"
"1","*** Best solution repeated"
"1"," "
"1","3"
"1"," "
"1","times
"
"2","Warning in postMDS(out$points, dis, plot = max(0, plot - 1), ...) :"
"2","
 "
"2"," skipping half-change scaling: too few points below threshold
"
"1","Run 0 stress"
"1"," "
"1","0.1143543"
"1"," "
"1","
"
"1","Run"
"1"," "
"1","1"
"1"," "
"1","stress"
"1"," "
"1","0.09069244"
"1"," "
"1","
"
"1","... New best solution
"
"1","... Procrustes: rmse"
"1"," "
"1","0.1567432"
"1"," "
"1"," max resid"
"1"," "
"1","0.3427528"
"1"," "
"1","
"
"1","Run"
"1"," "
"1","2"
"1"," "
"1","stress"
"1"," "
"1","0.09069203"
"1"," "
"1","
"
"1","... New best solution
"
"1","... Procrustes: rmse"
"1"," "
"1","0.0005849502"
"1"," "
"1"," max resid"
"1"," "
"1","0.0008480129"
"1"," "
"1","
"
"1","... Similar to previous best
"
"1","Run"
"1"," "
"1","3"
"1"," "
"1","stress"
"1"," "
"1","0.09069261"
"1"," "
"1","
"
"1","... Procrustes: rmse"
"1"," "
"1","0.0007400566"
"1"," "
"1"," max resid"
"1"," "
"1","0.001076306"
"1"," "
"1","
"
"1","... Similar to previous best
"
"1","Run"
"1"," "
"1","4"
"1"," "
"1","stress"
"1"," "
"1","0.09069213"
"1"," "
"1","
"
"1","... Procrustes: rmse"
"1"," "
"1","0.0002037487"
"1"," "
"1"," max resid"
"1"," "
"1","0.0002931504"
"1"," "
"1","
"
"1","... Similar to previous best
"
"1","Run"
"1"," "
"1","5"
"1"," "
"1","stress"
"1"," "
"1","0.1143543"
"1"," "
"1","
"
"1","Run"
"1"," "
"1","6"
"1"," "
"1","stress"
"1"," "
"1","0.09338411"
"1"," "
"1","
"
"1","Run"
"1"," "
"1","7"
"1"," "
"1","stress"
"1"," "
"1","0.3044354"
"1"," "
"1","
"
"1","Run"
"1"," "
"1","8"
"1"," "
"1","stress"
"1"," "
"1","0.1262498"
"1"," "
"1","
"
"1","Run"
"1"," "
"1","9"
"1"," "
"1","stress"
"1"," "
"1","0.1089344"
"1"," "
"1","
"
"1","Run"
"1"," "
"1","10"
"1"," "
"1","stress"
"1"," "
"1","0.09338411"
"1"," "
"1","
"
"1","Run"
"1"," "
"1","11"
"1"," "
"1","stress"
"1"," "
"1","0.09069247"
"1"," "
"1","
"
"1","... Procrustes: rmse"
"1"," "
"1","0.0006116974"
"1"," "
"1"," max resid"
"1"," "
"1","0.0008941059"
"1"," "
"1","
"
"1","... Similar to previous best
"
"1","Run"
"1"," "
"1","12"
"1"," "
"1","stress"
"1"," "
"1","0.09069244"
"1"," "
"1","
"
"1","... Procrustes: rmse"
"1"," "
"1","0.0005798811"
"1"," "
"1"," max resid"
"1"," "
"1","0.0008322955"
"1"," "
"1","
"
"1","... Similar to previous best
"
"1","Run"
"1"," "
"1","13"
"1"," "
"1","stress"
"1"," "
"1","0.09338411"
"1"," "
"1","
"
"1","Run"
"1"," "
"1","14"
"1"," "
"1","stress"
"1"," "
"1","0.1089344"
"1"," "
"1","
"
"1","Run"
"1"," "
"1","15"
"1"," "
"1","stress"
"1"," "
"1","0.09338411"
"1"," "
"1","
"
"1","Run"
"1"," "
"1","16"
"1"," "
"1","stress"
"1"," "
"1","0.0906923"
"1"," "
"1","
"
"1","... Procrustes: rmse"
"1"," "
"1","0.000431885"
"1"," "
"1"," max resid"
"1"," "
"1","0.0006154418"
"1"," "
"1","
"
"1","... Similar to previous best
"
"1","Run"
"1"," "
"1","17"
"1"," "
"1","stress"
"1"," "
"1","0.09069222"
"1"," "
"1","
"
"1","... Procrustes: rmse"
"1"," "
"1","0.0002497467"
"1"," "
"1"," max resid"
"1"," "
"1","0.0003824569"
"1"," "
"1","
"
"1","... Similar to previous best
"
"1","Run"
"1"," "
"1","18"
"1"," "
"1","stress"
"1"," "
"1","0.2610455"
"1"," "
"1","
"
"1","Run"
"1"," "
"1","19"
"1"," "
"1","stress"
"1"," "
"1","0.1262498"
"1"," "
"1","
"
"1","Run"
"1"," "
"1","20"
"1"," "
"1","stress"
"1"," "
"1","0.09069255"
"1"," "
"1","
"
"1","... Procrustes: rmse"
"1"," "
"1","0.0006893589"
"1"," "
"1"," max resid"
"1"," "
"1","0.001004367"
"1"," "
"1","
"
"1","... Similar to previous best
"
"1","*** Best solution repeated"
"1"," "
"1","8"
"1"," "
"1","times
"
"2","Warning in postMDS(out$points, dis, plot = max(0, plot - 1), ...) :"
"2","
 "
"2"," skipping half-change scaling: too few points below threshold
"
"1","Run 0 stress"
"1"," "
"1","0.05615381"
"1"," "
"1","
"
"1","Run"
"1"," "
"1","1"
"1"," "
"1","stress"
"1"," "
"1","0.05615381"
"1"," "
"1","
"
"1","... New best solution
"
"1","... Procrustes: rmse"
"1"," "
"1","2.281819e-05"
"1"," "
"1"," max resid"
"1"," "
"1","3.579373e-05"
"1"," "
"1","
"
"1","... Similar to previous best
"
"1","Run"
"1"," "
"1","2"
"1"," "
"1","stress"
"1"," "
"1","0.05615381"
"1"," "
"1","
"
"1","... Procrustes: rmse"
"1"," "
"1","1.428481e-05"
"1"," "
"1"," max resid"
"1"," "
"1","2.311626e-05"
"1"," "
"1","
"
"1","... Similar to previous best
"
"1","Run"
"1"," "
"1","3"
"1"," "
"1","stress"
"1"," "
"1","0.05615381"
"1"," "
"1","
"
"1","... New best solution
"
"1","... Procrustes: rmse"
"1"," "
"1","2.856596e-07"
"1"," "
"1"," max resid"
"1"," "
"1","4.803807e-07"
"1"," "
"1","
"
"1","... Similar to previous best
"
"1","Run"
"1"," "
"1","4"
"1"," "
"1","stress"
"1"," "
"1","0.05615381"
"1"," "
"1","
"
"1","... Procrustes: rmse"
"1"," "
"1","2.478018e-05"
"1"," "
"1"," max resid"
"1"," "
"1","4.246199e-05"
"1"," "
"1","
"
"1","... Similar to previous best
"
"1","Run"
"1"," "
"1","5"
"1"," "
"1","stress"
"1"," "
"1","0.05615381"
"1"," "
"1","
"
"1","... Procrustes: rmse"
"1"," "
"1","5.405898e-06"
"1"," "
"1"," max resid"
"1"," "
"1","9.465129e-06"
"1"," "
"1","
"
"1","... Similar to previous best
"
"1","Run"
"1"," "
"1","6"
"1"," "
"1","stress"
"1"," "
"1","0.2848223"
"1"," "
"1","
"
"1","Run"
"1"," "
"1","7"
"1"," "
"1","stress"
"1"," "
"1","0.05615381"
"1"," "
"1","
"
"1","... Procrustes: rmse"
"1"," "
"1","1.112677e-05"
"1"," "
"1"," max resid"
"1"," "
"1","1.885279e-05"
"1"," "
"1","
"
"1","... Similar to previous best
"
"1","Run"
"1"," "
"1","8"
"1"," "
"1","stress"
"1"," "
"1","0.05615381"
"1"," "
"1","
"
"1","... New best solution
"
"1","... Procrustes: rmse"
"1"," "
"1","1.35366e-06"
"1"," "
"1"," max resid"
"1"," "
"1","2.556282e-06"
"1"," "
"1","
"
"1","... Similar to previous best
"
"1","Run"
"1"," "
"1","9"
"1"," "
"1","stress"
"1"," "
"1","0.05615381"
"1"," "
"1","
"
"1","... Procrustes: rmse"
"1"," "
"1","1.538874e-06"
"1"," "
"1"," max resid"
"1"," "
"1","2.964326e-06"
"1"," "
"1","
"
"1","... Similar to previous best
"
"1","Run"
"1"," "
"1","10"
"1"," "
"1","stress"
"1"," "
"1","0.05615381"
"1"," "
"1","
"
"1","... Procrustes: rmse"
"1"," "
"1","1.407257e-05"
"1"," "
"1"," max resid"
"1"," "
"1","2.362178e-05"
"1"," "
"1","
"
"1","... Similar to previous best
"
"1","Run"
"1"," "
"1","11"
"1"," "
"1","stress"
"1"," "
"1","0.05615381"
"1"," "
"1","
"
"1","... Procrustes: rmse"
"1"," "
"1","1.118927e-06"
"1"," "
"1"," max resid"
"1"," "
"1","2.250348e-06"
"1"," "
"1","
"
"1","... Similar to previous best
"
"1","Run"
"1"," "
"1","12"
"1"," "
"1","stress"
"1"," "
"1","0.1714731"
"1"," "
"1","
"
"1","Run"
"1"," "
"1","13"
"1"," "
"1","stress"
"1"," "
"1","0.3019508"
"1"," "
"1","
"
"1","Run"
"1"," "
"1","14"
"1"," "
"1","stress"
"1"," "
"1","0.05615381"
"1"," "
"1","
"
"1","... Procrustes: rmse"
"1"," "
"1","4.660551e-06"
"1"," "
"1"," max resid"
"1"," "
"1","7.849742e-06"
"1"," "
"1","
"
"1","... Similar to previous best
"
"1","Run"
"1"," "
"1","15"
"1"," "
"1","stress"
"1"," "
"1","0.05615381"
"1"," "
"1","
"
"1","... Procrustes: rmse"
"1"," "
"1","5.844685e-06"
"1"," "
"1"," max resid"
"1"," "
"1","8.339459e-06"
"1"," "
"1","
"
"1","... Similar to previous best
"
"1","Run"
"1"," "
"1","16"
"1"," "
"1","stress"
"1"," "
"1","0.05615381"
"1"," "
"1","
"
"1","... Procrustes: rmse"
"1"," "
"1","2.929677e-05"
"1"," "
"1"," max resid"
"1"," "
"1","4.966316e-05"
"1"," "
"1","
"
"1","... Similar to previous best
"
"1","Run"
"1"," "
"1","17"
"1"," "
"1","stress"
"1"," "
"1","0.05615381"
"1"," "
"1","
"
"1","... Procrustes: rmse"
"1"," "
"1","2.815072e-06"
"1"," "
"1"," max resid"
"1"," "
"1","5.145463e-06"
"1"," "
"1","
"
"1","... Similar to previous best
"
"1","Run"
"1"," "
"1","18"
"1"," "
"1","stress"
"1"," "
"1","0.05615381"
"1"," "
"1","
"
"1","... Procrustes: rmse"
"1"," "
"1","1.268029e-05"
"1"," "
"1"," max resid"
"1"," "
"1","2.13505e-05"
"1"," "
"1","
"
"1","... Similar to previous best
"
"1","Run"
"1"," "
"1","19"
"1"," "
"1","stress"
"1"," "
"1","0.05615381"
"1"," "
"1","
"
"1","... Procrustes: rmse"
"1"," "
"1","5.378945e-06"
"1"," "
"1"," max resid"
"1"," "
"1","7.227146e-06"
"1"," "
"1","
"
"1","... Similar to previous best
"
"1","Run"
"1"," "
"1","20"
"1"," "
"1","stress"
"1"," "
"1","0.05615381"
"1"," "
"1","
"
"1","... Procrustes: rmse"
"1"," "
"1","7.807704e-06"
"1"," "
"1"," max resid"
"1"," "
"1","9.356378e-06"
"1"," "
"1","
"
"1","... Similar to previous best
"
"1","*** Best solution repeated"
"1"," "
"1","11"
"1"," "
"1","times
"
"2","Warning in postMDS(out$points, dis, plot = max(0, plot - 1), ...) :"
"2","
 "
"2"," skipping half-change scaling: too few points below threshold
"
"1","Run 0 stress"
"1"," "
"1","0.06062773"
"1"," "
"1","
"
"1","Run"
"1"," "
"1","1"
"1"," "
"1","stress"
"1"," "
"1","0.06062773"
"1"," "
"1","
"
"1","... Procrustes: rmse"
"1"," "
"1","2.200773e-06"
"1"," "
"1"," max resid"
"1"," "
"1","3.998794e-06"
"1"," "
"1","
"
"1","... Similar to previous best
"
"1","Run"
"1"," "
"1","2"
"1"," "
"1","stress"
"1"," "
"1","0.08402161"
"1"," "
"1","
"
"1","Run"
"1"," "
"1","3"
"1"," "
"1","stress"
"1"," "
"1","0.08626288"
"1"," "
"1","
"
"1","Run"
"1"," "
"1","4"
"1"," "
"1","stress"
"1"," "
"1","0.08402161"
"1"," "
"1","
"
"1","Run"
"1"," "
"1","5"
"1"," "
"1","stress"
"1"," "
"1","0.08402162"
"1"," "
"1","
"
"1","Run"
"1"," "
"1","6"
"1"," "
"1","stress"
"1"," "
"1","0.06062773"
"1"," "
"1","
"
"1","... Procrustes: rmse"
"1"," "
"1","4.014235e-06"
"1"," "
"1"," max resid"
"1"," "
"1","7.324643e-06"
"1"," "
"1","
"
"1","... Similar to previous best
"
"1","Run"
"1"," "
"1","7"
"1"," "
"1","stress"
"1"," "
"1","0.08402162"
"1"," "
"1","
"
"1","Run"
"1"," "
"1","8"
"1"," "
"1","stress"
"1"," "
"1","0.06062773"
"1"," "
"1","
"
"1","... Procrustes: rmse"
"1"," "
"1","1.753381e-06"
"1"," "
"1"," max resid"
"1"," "
"1","3.187017e-06"
"1"," "
"1","
"
"1","... Similar to previous best
"
"1","Run"
"1"," "
"1","9"
"1"," "
"1","stress"
"1"," "
"1","0.08402165"
"1"," "
"1","
"
"1","Run"
"1"," "
"1","10"
"1"," "
"1","stress"
"1"," "
"1","0.06062773"
"1"," "
"1","
"
"1","... Procrustes: rmse"
"1"," "
"1","3.403701e-07"
"1"," "
"1"," max resid"
"1"," "
"1","6.553167e-07"
"1"," "
"1","
"
"1","... Similar to previous best
"
"1","Run"
"1"," "
"1","11"
"1"," "
"1","stress"
"1"," "
"1","0.08402161"
"1"," "
"1","
"
"1","Run"
"1"," "
"1","12"
"1"," "
"1","stress"
"1"," "
"1","0.1075212"
"1"," "
"1","
"
"1","Run"
"1"," "
"1","13"
"1"," "
"1","stress"
"1"," "
"1","0.1258604"
"1"," "
"1","
"
"1","Run"
"1"," "
"1","14"
"1"," "
"1","stress"
"1"," "
"1","0.08402161"
"1"," "
"1","
"
"1","Run"
"1"," "
"1","15"
"1"," "
"1","stress"
"1"," "
"1","0.08402162"
"1"," "
"1","
"
"1","Run"
"1"," "
"1","16"
"1"," "
"1","stress"
"1"," "
"1","0.06062773"
"1"," "
"1","
"
"1","... Procrustes: rmse"
"1"," "
"1","5.156426e-06"
"1"," "
"1"," max resid"
"1"," "
"1","1.009486e-05"
"1"," "
"1","
"
"1","... Similar to previous best
"
"1","Run"
"1"," "
"1","17"
"1"," "
"1","stress"
"1"," "
"1","0.06062773"
"1"," "
"1","
"
"1","... New best solution
"
"1","... Procrustes: rmse"
"1"," "
"1","2.141313e-07"
"1"," "
"1"," max resid"
"1"," "
"1","3.377801e-07"
"1"," "
"1","
"
"1","... Similar to previous best
"
"1","Run"
"1"," "
"1","18"
"1"," "
"1","stress"
"1"," "
"1","0.06062773"
"1"," "
"1","
"
"1","... New best solution
"
"1","... Procrustes: rmse"
"1"," "
"1","1.424016e-06"
"1"," "
"1"," max resid"
"1"," "
"1","2.649981e-06"
"1"," "
"1","
"
"1","... Similar to previous best
"
"1","Run"
"1"," "
"1","19"
"1"," "
"1","stress"
"1"," "
"1","0.08402161"
"1"," "
"1","
"
"1","Run"
"1"," "
"1","20"
"1"," "
"1","stress"
"1"," "
"1","0.08626288"
"1"," "
"1","
"
"1","*** Best solution repeated"
"1"," "
"1","1"
"1"," "
"1","times
"
"2","Warning in postMDS(out$points, dis, plot = max(0, plot - 1), ...) :"
"2","
 "
"2"," skipping half-change scaling: too few points below threshold
"
"0","# Combine all ordination data frames into one"
"0","combined_ordination_df <- do.call(rbind, ordination_list)"
"0",""
"0",""
"0",""
"0","# Define the layout for 3 rows and 5 columns"
"0","num_rows <- 3"
"0","num_cols <- 5"
"0",""
"0","# Plot with polygons for each treatment"
"0","ggplot(combined_ordination_df, aes(x = MDS1, y = MDS2, fill = Treatment, group = interaction(Treatment, Day))) +"
"0","  geom_polygon(alpha = 0.5, color = ""black"") +"
"0","  geom_point(size = 3, aes(color = Treatment)) +"
"0","  labs(x = ""NMDS Axis 1"", y = ""NMDS Axis 2"", color = ""Treatment"", fill = ""Treatment"") +"
"0","  theme_bw() +"
"0","  ggtitle(""Compositional Change of Phytoplankton Community Over Time"") +"
"0","  facet_wrap(~ Day, nrow = num_rows, ncol = num_cols, scales = ""free"")"
"0",""
